Postcode,Council+Other Social (Count),Council+Other Social (%),Owned (Count),Owned (%),Shared Ownership (Count),Shared Ownership (%),Private Landlord (Count),Private Landlord (%)
CF24 3TQ,63,58.33%,31,28.70%,4,3.70%,0,0.00%
CF24 3DJ,63,58.33%,31,28.70%,4,3.70%,0,0.00%
CF24 3RG,74,43.53%,30,17.65%,0,0.00%,0,0.00%
CF24 3QW,74,43.53%,30,17.65%,0,0.00%,0,0.00%
CF24 3QR,74,43.53%,30,17.65%,0,0.00%,0,0.00%
CF24 3QL,74,43.53%,30,17.65%,0,0.00%,0,0.00%
CF24 3XL,77,43.02%,9,5.03%,1,0.56%,0,0.00%
CF24 3SP,60,41.67%,42,29.17%,0,0.00%,0,0.00%
CF24 3RL,60,41.67%,42,29.17%,0,0.00%,0,0.00%
CF24 3RJ,60,41.67%,42,29.17%,0,0.00%,0,0.00%
CF24 3RH,60,41.67%,42,29.17%,0,0.00%,0,0.00%
CF24 3QU,60,41.67%,42,29.17%,0,0.00%,0,0.00%
CF24 3QT,60,41.67%,42,29.17%,0,0.00%,0,0.00%
CF24 3QS,60,41.67%,42,29.17%,0,0.00%,0,0.00%
CF24 3QH,60,41.67%,42,29.17%,0,0.00%,0,0.00%
CF24 3NY,43,31.39%,54,39.42%,0,0.00%,0,0.00%
CF24 3DX,49,29.70%,62,37.58%,0,0.00%,0,0.00%
CF24 3DU,49,29.70%,62,37.58%,0,0.00%,0,0.00%
CF24 3DT,49,29.70%,62,37.58%,0,0.00%,0,0.00%
CF24 3SB,57,27.94%,46,22.55%,0,0.00%,0,0.00%
CF24 3RW,57,27.94%,46,22.55%,0,0.00%,0,0.00%
CF24 3RU,57,27.94%,46,22.55%,0,0.00%,0,0.00%
CF24 3QF,57,27.94%,46,22.55%,0,0.00%,0,0.00%
CF24 3PY,57,27.94%,46,22.55%,0,0.00%,0,0.00%
CF24 3NT,57,27.94%,46,22.55%,0,0.00%,0,0.00%
CF24 3YB,40,23.81%,94,55.95%,2,1.19%,0,0.00%
CF24 3WN,40,23.81%,94,55.95%,2,1.19%,0,0.00%
CF24 3BY,42,21.43%,11,5.61%,3,1.53%,0,0.00%
CF24 3BU,42,21.43%,11,5.61%,3,1.53%,0,0.00%
CF24 3RE,23,20.91%,31,28.18%,0,0.00%,0,0.00%
CF24 3QX,23,20.91%,31,28.18%,0,0.00%,0,0.00%
CF24 3SN,42,19.53%,45,20.93%,0,0.00%,0,0.00%
CF24 3RD,42,19.53%,45,20.93%,0,0.00%,0,0.00%
CF24 3QP,42,19.53%,45,20.93%,0,0.00%,0,0.00%
CF24 3QN,42,19.53%,45,20.93%,0,0.00%,0,0.00%
CF24 3QJ,42,19.53%,45,20.93%,0,0.00%,0,0.00%
CF24 3PZ,18,18.00%,16,16.00%,0,0.00%,0,0.00%
CF24 3PU,18,18.00%,16,16.00%,0,0.00%,0,0.00%
CF24 3DW,29,16.11%,45,25.00%,1,0.56%,0,0.00%
CF24 3DQ,29,16.11%,45,25.00%,1,0.56%,0,0.00%
CF24 3DN,29,16.11%,45,25.00%,1,0.56%,0,0.00%
CF24 3DF,29,16.11%,45,25.00%,1,0.56%,0,0.00%
CF24 3DD,29,16.11%,45,25.00%,1,0.56%,0,0.00%
CF24 3BZ,29,16.11%,45,25.00%,1,0.56%,0,0.00%
CF24 3RB,22,15.83%,67,48.20%,0,0.00%,0,0.00%
CF24 3QZ,22,15.83%,67,48.20%,0,0.00%,0,0.00%
CF24 3QY,22,15.83%,67,48.20%,0,0.00%,0,0.00%
CF24 3QQ,22,15.83%,67,48.20%,0,0.00%,0,0.00%
CF24 3EA,22,15.83%,67,48.20%,0,0.00%,0,0.00%
CF24 3DZ,22,15.83%,67,48.20%,0,0.00%,0,0.00%
CF24 3DY,22,15.83%,67,48.20%,0,0.00%,0,0.00%
CF24 3UR,23,15.23%,28,18.54%,1,0.66%,0,0.00%
CF24 3DG,23,15.23%,28,18.54%,1,0.66%,0,0.00%
CF24 3DB,23,15.23%,28,18.54%,1,0.66%,0,0.00%
CF24 3DA,23,15.23%,28,18.54%,1,0.66%,0,0.00%
CF24 3HS,13,10.74%,47,38.84%,0,0.00%,0,0.00%
CF24 3HR,13,10.74%,47,38.84%,0,0.00%,0,0.00%
CF24 3HN,13,10.74%,47,38.84%,0,0.00%,0,0.00%
CF24 3HJ,13,10.74%,47,38.84%,0,0.00%,0,0.00%
CF24 3DR,13,10.74%,47,38.84%,0,0.00%,0,0.00%
CF24 3HX,14,10.37%,44,32.59%,0,0.00%,0,0.00%
CF24 3HW,14,10.37%,44,32.59%,0,0.00%,0,0.00%
CF24 3PX,17,10.30%,10,6.06%,0,0.00%,0,0.00%
CF24 3PW,17,10.30%,10,6.06%,0,0.00%,0,0.00%
CF24 3PH,14,10.29%,18,13.24%,0,0.00%,0,0.00%
CF24 3PF,14,10.29%,18,13.24%,0,0.00%,0,0.00%
CF24 3NU,14,10.29%,18,13.24%,0,0.00%,0,0.00%
CF24 3HG,12,10.00%,58,48.33%,0,0.00%,0,0.00%
CF24 3HF,12,10.00%,58,48.33%,0,0.00%,0,0.00%
CF24 3HE,12,10.00%,58,48.33%,0,0.00%,0,0.00%
CF24 3QE,12,9.60%,16,12.80%,0,0.00%,0,0.00%
CF24 3QD,12,9.60%,16,12.80%,0,0.00%,0,0.00%
CF24 3TW,11,9.32%,6,5.08%,0,0.00%,0,0.00%
CF24 3DS,11,9.32%,6,5.08%,0,0.00%,0,0.00%
CF24 3DL,11,9.32%,6,5.08%,0,0.00%,0,0.00%
CF24 3WD,18,8.78%,27,13.17%,0,0.00%,0,0.00%
CF24 3JF,18,8.78%,27,13.17%,0,0.00%,0,0.00%
CF24 3JE,18,8.78%,27,13.17%,0,0.00%,0,0.00%
CF24 3JB,18,8.78%,27,13.17%,0,0.00%,0,0.00%
CF24 3BW,18,8.78%,27,13.17%,0,0.00%,0,0.00%
CF24 3RF,9,7.32%,64,52.03%,0,0.00%,0,0.00%
CF24 3RA,9,7.32%,64,52.03%,0,0.00%,0,0.00%
CF24 3HH,9,7.32%,64,52.03%,0,0.00%,0,0.00%
CF24 3HU,10,7.09%,75,53.19%,0,0.00%,0,0.00%
CF24 3HQ,10,7.09%,75,53.19%,0,0.00%,0,0.00%
CF24 3HP,10,7.09%,75,53.19%,0,0.00%,0,0.00%
CF24 3UX,15,7.01%,10,4.67%,0,0.00%,0,0.00%
CF24 3JA,15,7.01%,10,4.67%,0,0.00%,0,0.00%
CF24 3BX,15,7.01%,10,4.67%,0,0.00%,0,0.00%
CF24 3BT,15,7.01%,10,4.67%,0,0.00%,0,0.00%
CF24 3BS,15,7.01%,10,4.67%,0,0.00%,0,0.00%
CF24 3UW,11,6.51%,8,4.73%,1,0.59%,0,0.00%
CF24 3UN,11,6.51%,8,4.73%,1,0.59%,0,0.00%
CF24 3YW,7,4.70%,33,22.15%,0,0.00%,0,0.00%
CF24 3RQ,7,4.70%,33,22.15%,0,0.00%,0,0.00%
CF24 3RP,7,4.70%,33,22.15%,0,0.00%,0,0.00%
CF24 3JH,7,4.70%,33,22.15%,0,0.00%,0,0.00%
CF24 3JG,7,4.70%,33,22.15%,0,0.00%,0,0.00%
CF24 3JD,7,4.70%,33,22.15%,0,0.00%,0,0.00%
CF24 3DH,4,4.30%,33,35.48%,0,0.00%,0,0.00%
CF24 3DE,4,4.30%,33,35.48%,0,0.00%,0,0.00%
CF24 3QG,5,3.88%,34,26.36%,0,0.00%,0,0.00%
CF24 3PT,5,3.88%,34,26.36%,0,0.00%,0,0.00%
CF24 3PS,5,3.88%,34,26.36%,0,0.00%,0,0.00%
CF24 3PR,5,3.88%,34,26.36%,0,0.00%,0,0.00%
CF24 3QB,6,3.64%,24,14.55%,0,0.00%,0,0.00%
CF24 3QA,6,3.64%,24,14.55%,0,0.00%,0,0.00%
CF24 3YZ,4,3.36%,47,39.50%,0,0.00%,0,0.00%
CF24 3RS,4,3.36%,47,39.50%,0,0.00%,0,0.00%
CF24 3RR,4,3.36%,47,39.50%,0,0.00%,0,0.00%
CF24 3PE,4,3.36%,47,39.50%,0,0.00%,0,0.00%
CF24 3HT,3,2.75%,56,51.38%,3,2.75%,0,0.00%
CF24 3HL,3,2.75%,56,51.38%,3,2.75%,0,0.00%
CF24 3HD,3,2.75%,56,51.38%,3,2.75%,0,0.00%
CF24 3YR,4,2.41%,57,34.34%,1,0.60%,0,0.00%
CF24 3RT,4,2.41%,57,34.34%,1,0.60%,0,0.00%
CF24 3PJ,4,2.41%,57,34.34%,1,0.60%,0,0.00%
CF24 3PG,4,2.41%,57,34.34%,1,0.60%,0,0.00%
CF24 3PD,4,2.41%,57,34.34%,1,0.60%,0,0.00%
CF24 3PB,4,2.41%,57,34.34%,1,0.60%,0,0.00%
CF24 3PA,4,2.41%,57,34.34%,1,0.60%,0,0.00%
CF24 3NZ,4,2.41%,57,34.34%,1,0.60%,0,0.00%
CF24 3NS,4,2.41%,57,34.34%,1,0.60%,0,0.00%
CF24 3GP,2,1.75%,76,66.67%,2,1.75%,0,0.00%
CF24 3HB,2,1.68%,65,54.62%,1,0.84%,0,0.00%
CF24 3HA,2,1.68%,65,54.62%,1,0.84%,0,0.00%
CF24 3SJ,2,1.64%,97,79.51%,1,0.82%,0,0.00%
CF24 3SE,2,1.64%,97,79.51%,1,0.82%,0,0.00%
CF24 3SD,2,1.64%,97,79.51%,1,0.82%,0,0.00%
CF24 3SA,2,1.64%,97,79.51%,1,0.82%,0,0.00%
CF24 3RY,2,1.64%,97,79.51%,1,0.82%,0,0.00%
CF24 3RX,2,1.64%,97,79.51%,1,0.82%,0,0.00%
CF24 3SL,2,1.56%,109,85.16%,3,2.34%,0,0.00%
CF24 3SH,2,1.56%,109,85.16%,3,2.34%,0,0.00%
CF24 3SG,2,1.56%,109,85.16%,3,2.34%,0,0.00%
CF24 3SF,2,1.56%,109,85.16%,3,2.34%,0,0.00%
CF24 3RZ,2,1.56%,109,85.16%,3,2.34%,0,0.00%
CF24 3NX,1,0.71%,83,58.87%,1,0.71%,0,0.00%
CF24 3NW,1,0.71%,83,58.87%,1,0.71%,0,0.00%
CF24 3YX,0,0.00%,57,57.00%,0,0.00%,0,0.00%
